ofairbank0,WozwHHLKuDwy,Olivia Fairbank
mskeemer1,QW8WPCAtfTLB,Montgomery Skeemer
bmathy2,WrXl7Leg,Bondon Mathy
adow3,89n45j5VyKl,Anatol Dow
ckenway4,zR2Cuk,Christina Kenway
mphibb5,2pfvOw,Merrie Phibb
vmcall6,qrrObwhqqYuD,Verna Mcall
jgerrietz7,Cvs75EXAJh,Jolyn Gerrietz
kanning8,l9yeSSTt,Karoly Anning
dpodmore9,xFFGD00,Dov Podmore
gnafzigera,XFQYN3,Gannon Nafziger
hbestb,hBaqyS,Hadrian Best
hwestwoodc,3p7uxoVaxz,Husein Westwood
kmargaretd,lXiZfNPPq0S0,Karalee Margaret
zcrosee,SZxiowQ1s,Zed Crose
rdunstallf,BQP9GJmpn,Reagan Dunstall
sbinding,rq8JNleDb,Stevena Bindin
asanbrokeh,6G3cA0uYnv7j,Archy Sanbroke
wburgissi,qwiAncmAar,Wolfgang Burgiss
hprendergrassj,6VZpAni0xHx,Herman Prendergrass
lcaitlink,bY9UbCZ2gY,Luigi Caitlin
lwhitehairl,OlGSL1,Lorinda Whitehair
cbechleym,JLojClwvI7EG,Carrol Bechley
mbecarran,77XGNd,Mario Becarra
pvazquezo,RXmrIEhbxZi,Pearce Vazquez
ygrinyovp,mPa0fb4L8,Yasmeen Grinyov
jioannidisq,CVl7OdLE,Jaquenette Ioannidis
rwardroper,iE67peB,Redford Wardrope
bjiriks,ucEH4yq,Bern Jirik
bbushillt,AY8SF9M0,Bertie Bushill
wtonryu,9TJeIgm98,Wildon Tonry
ascottingv,6h6sfT1Q5FB,Aubrey Scotting
pgreedingw,y7FIdzOYD6l,Pier Greeding
dlickessx,h0UgxASv,Desiri Lickess
rmalinsy,1W51bDuNk,Raynell Malins
rocalleranz,LfmAdUndy5r,Roberto O'Calleran
emityakov10,FjWQ7Hg5kWjC,Errol Mityakov
pgibbieson11,Zp31JFXg,Pearce Gibbieson
darnholtz12,pOAwhmx,Dougy Arnholtz
smanicomb13,Wen0MFNdY,Shandeigh Manicomb
jmiskelly14,zKnrBjS,Justinn Miskelly
rdemcik15,TuceZqB,Randy Demcik
smerrell16,VRG26eCm43PZ,Shelagh Merrell
dharlin17,DYUXmAu,Danila Harlin
ccordon18,85Saus,Chrysa Cordon
mscohier19,uVkayZoh8G3,Myrtie Scohier
cwyld1a,04zWcqp,Carole Wyld
rjellard1b,oWEgk0dhz80,Renae Jellard
phaburne1c,Nw4zuu,Piper Haburne
zgaize1d,W8ezh01to,Zorina Gaize
sseefus1e,ix1HZo,Sarette Seefus
ddawkes1f,v9iLEsK67vUp,Daffi Dawkes
rbernath1g,WwnBsl7f,Renault Bernath
jbalshaw1h,zRpmbis,Julienne Balshaw
jumney1i,BKkuziwnM,Joice Umney
knassy1j,hi1TWpBsb,Kittie Nassy
lfitzsymon1k,eDfiOqaA,Liam Fitzsymon
hpriestley1l,KDgLn2ODAcPO,Harmony Priestley
ksandon1m,cY3OalAef,Kimmy Sandon
fskain1n,CtSbVA,Faun Skain
seagleton1o,KGgq44QkH7jy,Sande Eagleton
ctofts1p,uOwNZZk6LezN,Christan Tofts
lbranchflower1q,bCFHdOfIFUtG,Lauritz Branchflower
gluckes1r,8y9t5AZ0Ng,Gerald Luckes
iwasielewicz1s,JXZLeVM,Irena Wasielewicz
rmasterman1t,DU9DLZX5Ggo,Rozalin Masterman
erodenhurst1u,dTRGCLBPt,Eldridge Rodenhurst
kjiggins1v,Cx2BI9,Kylie Jiggins
bcoite1w,GeigKRI6qse3,Benedetta Coite
mbowden1x,MxnyIVh,Margy Bowden
gtaffurelli1y,LJ6uup9z2Z8,Giorgi Taffurelli
isedworth1z,U4asg0BcJo0,Inger Sedworth
sformby20,fKuskX,Saundra Formby
avedenichev21,FYwbZk1HeC,Agata Vedenichev
ageffinger22,OWcQAtIssou,Alfreda Geffinger
rkirley23,LYMr5hLn9,Roseline Kirley
hreast24,HuOO5ZBNp,Hamilton Reast
oculbert25,t88w6UKrZzYZ,Odelinda Culbert
dollet26,dfg8IdCG,Desiri Ollet
jquigg27,FGEfNj,Joya Quigg
kcrowch28,SKTKopHwS,Kimmie Crowch
phandscombe29,0ijfRY9n1m6,Peirce Handscombe
fhumberston2a,c1SvQkcAjBg,Florida Humberston
claycock2b,AC4lVlcdNueT,Corby Laycock
mkindleside2c,4chnweeNVXHu,Moselle Kindleside
klints2d,e5aFqiQ,Karly Lints
ashellsheere2e,FE2KEE8M6Cf,Adriaens Shellsheere
rmayze2f,jS5lEZ,Ruperta Mayze
ctedder2g,KoiWKD9,Carling Tedder
zboulde2h,p3OJdiA,Zacharias Boulde
omocker2i,zzVOqoVoVaD,Ofilia Mocker
hbyham2j,mfeR7uZlXL,Heddie Byham
rsamwayes2k,kaUZL8Xaz,Rock Samwayes
sriddick2l,nmxF1k,Scott Riddick
cdufer2m,SSTSWs2RUv,Clevey Dufer
dadrien2n,0rC62uVtTA05,Doris Adrien
balenov2o,Dji5uF,Baird Alenov
ryurkov2p,7E0Ecg4N,Rosanne Yurkov
dkirimaa2q,qp4Js6a8,Dona Kirimaa
ehambly2r,qBVrr8,Erie Hamblydavidson
steven98,Steve,Timothy Stevens
divine1401,Divine2001,divine uduebholo
destu_03,Destiny03,Destiny Uduebholo
destu03,Destiny,Destiny Uduebholo
